date,version,rmse,commit
2026-02-12 22:19:43,0.1.0-build.14,0.012064,38f7759f
2026-02-12 22:39:42,0.1.0-build.15,0.041607,6e1d49a1
2026-02-12 22:44:24,0.1.0-build.16,0.043946,4c4cd7a2
2026-02-13T13:15:24.517791,0.1.0-build.25,0.7793,b8e6793f
2026-02-16T12:45:33.949796,0.1.0-build.26,0.1888,ae3eeb56
2026-02-16T14:30:52.037853,0.1.0-build.29,0.4436,2df6322e
2026-02-16T15:50:54.410181,0.1.0-build.30,0.9634,47855cb2
2026-02-16T15:58:11.414776,0.1.0-build.31,0.2812,72763e84
2026-02-16T16:05:58.886434,0.1.0-build.32,0.2549,720d08c4
2026-02-16T16:42:07.776576,0.1.0-build.33,0.4864,dfee80dc
2026-02-16T16:52:55.434491,0.1.0-build.34,0.0098,2a58c3a4
2026-02-16T19:25:00.628248,0.1.0-build.35,0.4489,99469ece
